TF	Total genes	Activados	Reprimidos	Tipo de efecto regulatorio	Lista de genes
ATP-dependent RNA helicase DeaD	3	3	0	Activador	mntR, sdiA, uvrY
AaeR	3	3	0	Activador	aaeA, aaeB, aaeX
AccB	2	0	2	Represor	accB, accC
AcnB	1	1	0	Activador	acnB
AcrR	15	0	15	Represor	acrA, acrB, acrR, flhC, flhD, marA, marB, marR, mdtI, mdtJ, mdtU, micF, puuA, soxR, soxS
Ada	4	4	2	Dual	ada, aidB, alkA, alkB
AdiY	8	8	0	Activador	adiA, gadA, gadB, gadC, gadX, gltB, gltD, gltF
AgaR	11	0	11	Represor	agaA, agaB, agaC, agaD, agaI, agaR, agaS, agaV, agaW, kbaY, kbaZ
AgrB	1	0	1	Represor	dinQ
AidB	1	0	1	Represor	aidB
AlaS	1	0	1	Represor	alaS
AllR	9	0	9	Represor	allA, allB, allS, allW, gcl, glxK, glxR, hyi, ybbY
AllS	3	3	0	Activador	allC, allD, allE
AlpA	3	1	2	Dual	intA, phoB, phoR
AlsR	6	0	6	Represor	alsA, alsB, alsC, alsE, alsR, rpiB
AmeF	2	2	0	Activador	mazE, mazF
AppY	10	10	0	Activador	appA, appB, appC, appX, hyaA, hyaB, hyaC, hyaD, hyaE, hyaF
AraC	19	10	13	Dual	araA, araB, araC, araD, araE, araF, araG, araH, araJ, xylA, xylB, xylZ, ydeM, ydeN, ygeA, yjfF, ytfQ, ytfR, ytfT
ArcA	238	84	166	Dual	aceA, aceB, aceE, aceF, aceK, ackA, acnA, acnB, acpP, aldA, appA, appB, appC, appX, appY, arcA, arcZ, argR, argT, b0725, betA, betB, betI, betT, cadA, cadB, caiA, caiB, caiC, caiD, caiE, caiT, carA, citC, citD, citE, citF, citG, citX, cycA, cydA, cydB, cydC, cydD, cyoA, cyoB, cyoC, cyoD, cyoE, dctA, dcuA, dcuB, dcuC, dpiA, dpiB, dppA, dsbB, fadA, fadB, fadD, fadE, fadH, fadI, fadJ, fadL, feoA, fnr, focA, folE, fumA, fumB, fumC, gadA, gadE, gadF, gadX, gatA, gatB, gatC, gatD, gatY, gatZ, gcvB, glaH, glcA, glcB, glcC, glcD, glcE, glcF, glcG, glpA, glpB, glpC, glpD, glpE, gltA, grcA, hemA, hyaA, hyaB, hyaC, hyaD, hyaE, hyaF, hybA, hybB, hybC, hybD, hybE, hybF, hybG, hybO, icd, igaA, iraM, kdpA, kgtP, lldD, lldP, lldR, lpd, manA, mdh, micF, moeA, moeB, mqo, msrB, ndh, ndk, nudE, nuoA, nuoB, nuoC, nuoE, nuoF, nuoG, nuoH, nuoI, nuoJ, nuoK, nuoL, nuoM, nuoN, nupC, ompW, oppA, oppB, oppC, oppD, oppF, osmY, pepN, pflB, phoH, pldA, pncB, pntA, potF, pqqU, prfA, prmC, ptsG, putA, putP, puuA, puuB, puuC, puuD, puuE, puuP, puuR, pyrS, rhaT, rho, rmf, rplB, rplC, rplD, rplP, rplV, rplW, rpmC, rpoS, rpsC, rpsJ, rpsQ, rpsS, rsd, rstA, rutA, rutB, rutC, rutD, rutE, rutF, rutG, sdhA, sdhB, sdhC, sdhD, sdhX, sodA, sroD, ssb, sstT, sthA, sucA, sucB, sucC, sucD, thiC, thrA, tpx, treB, treC, ubiA, ubiC, uvrA, xthA, xylR, ybdN, ybfA, ybiU, ydeA, ydgC, yeiQ, yejG, yfiF, yhgE, yhjE, yieE, yigI, yjiR, ymjE, ynaJ, yncE
ArcZ	6	1	5	Dual	eptB, flhC, flhD, lrhA, mutS, rpoS
ArgP	15	14	1	Dual	argO, argP, asd, dapB, dapD, dnaA, dnaN, gdhA, lysA, lysC, lysP, nrdA, nrdB, recF, yfaE
ArgR	64	13	51	Dual	argA, argB, argC, argD, argE, argF, argG, argH, argI, argR, aroK, aroP, artI, artJ, artM, artP, artQ, astA, astB, astC, astD, astE, carA, carB, cvpA, dacC, dps, eutS, ftsZ, gltB, gltD, gltF, gltP, hchA, hisJ, hisL, hisM, hisP, hisQ, infB, lrp, lysO, mcaS, metY, mukE, nusA, pfkB, pnp, potF, puuB, pyrL, rbfA, rimP, rpsO, stpA, truB, waaA, yaaU, ydgI, yfcC, yffB, yhcC, ykgA, yraQ
ArrS	3	3	0	Activador	cfa, gadE, gadF
ArsR	3	0	3	Represor	arsB, arsC, arsR
AscG	5	0	5	Represor	ascB, ascF, htpG, prpR, ybiT
AsflhD	1	0	1	Represor	flhD
AsnC	4	1	3	Dual	asnA, asnC, mioC, mnmG
AtoC	4	4	0	Activador	atoA, atoB, atoD, atoE
AzuR	2	0	2	Represor	cadA, galE
BaeR	9	9	0	Activador	acrD, baeR, baeS, mdtA, mdtB, mdtC, mdtD, spy, ycaC
BasR	26	24	2	Dual	arnA, arnB, arnC, arnD, arnE, arnF, arnT, csgD, csgE, csgF, csgG, cspI, dgkA, emrD, eptA, fimB, glpA, glpB, glpC, hha, putA, qseB, qseC, tomB, waaH, yrbL
BetI	4	0	4	Represor	betA, betB, betI, betT
BirA	5	0	5	Represor	bioA, bioB, bioC, bioD, bioF
BluR	4	0	4	Represor	ariR, ycgZ, ymgA, ymgC
BolA	11	8	5	Dual	ampC, csgA, csgD, csgE, csgF, csgG, dacC, fimH, mreB, mreC, mreD
BtsR	15	1	14	Dual	aceE, aceF, btsT, csgA, csgB, csgC, csgD, csgE, csgF, csgG, cspC, lpd, mdh, pdhR, yobF
C0293	3	0	3	Represor	fadR, hcaR, iroK
CRP	587	495	141	Dual	aaeA, aaeB, aaeR, aaeX, abgR, aceA, aceB, aceE, aceF, aceK, acnA, acnB, acs, actP, aegA, aer, agaA, agaV, agaW, agp, aldA, aldB, ampD, ampE, ansB, aphA, araA, araB, araC, araD, araE, araF, araG, araH, araJ, arfB, argG, aroA, ascB, ascF, aspA, aspX, azuC, azuR, b0725, bglB, bglF, bglG, bhsA, bidA, btsT, caiA, caiB, caiC, caiD, caiE, caiF, caiT, cas1, cas2, cas3, casA, casB, casC, casD, casE, cdd, chbA, chbB, chbC, chbF, chbG, chbR, chiP, chiQ, chiZ, cirA, citC, citD, citE, citF, citG, citX, comR, cpdB, crp, crr, csgD, csgE, csgF, csgG, csiE, cspD, cspE, csqR, csrC, cstA, cyaA, cyaR, cycA, cyoA, cyoB, cyoC, cyoD, cyoE, cysG, cytR, dadA, dadX, dctA, dcuA, dcuB, dcuR, deoA, deoB, deoC, deoD, dgoA, dgoD, dgoK, dgoR, dgoT, dksA, dpiA, dpiB, dsdA, dsdX, dusB, ebgA, ebgC, efpL, elfA, entA, entB, entC, entD, entE, entF, entH, envZ, epd, exuR, exuT, fadD, fadH, fadL, fbaA, feaB, feaR, fecA, fecB, fecC, fecD, fecE, fepA, fis, fiu, fixA, fixB, fixC, fixX, flhC, flhD, focA, focB, frlA, frlB, frlC, frlD, frlR, fucA, fucI, fucK, fucO, fucP, fucR, fucU, fumA, fumB, fumC, fur, gabD, gabP, gabT, gadA, gadB, gadC, gadE, gadF, gadX, galE, galK, galM, galP, galS, galT, gapA, gatA, gatB, gatC, gatD, gatY, gatZ, gcd, gcvH, gcvP, gcvT, gdhA, glaH, glcC, glgA, glgC, glgP, glgS, glnA, glnG, glnL, glnZ, glpA, glpB, glpC, glpD, glpE, glpF, glpG, glpK, glpQ, glpR, glpT, glpX, gltA, gltB, gltD, gltF, gntK, gntP, gntT, gntU, gpsA, grcA, grpE, guaA, guaB, gutM, gutQ, gyrA, hflC, hflK, hflX, hfq, hicA, hicB, hlyE, hofB, hofC, hofM, hofN, hofO, hofP, hpt, htpG, hupA, hupB, hyfA, hyfB, hyfC, hyfD, hyfE, hyfF, hyfG, hyfH, hyfI, hyfJ, hyfR, idnD, idnK, idnO, idnR, idnT, ilvB, ilvN, infB, ivbL, kbaZ, lacA, lacI, lacY, lacZ, lamB, ldtB, lgoD, lgoR, lhgD, lpd, lsrA, lsrB, lsrC, lsrD, lsrF, lsrG, lsrK, lsrR, lyxK, malE, malF, malG, malH, malI, malK, malM, malS, malT, malX, malY, manA, manX, manY, manZ, marA, marB, marR, mazE, mazF, mcaS, mdh, mdtE, mdtF, melA, melB, melR, metK, metY, mglA, mglB, mglC, mhpA, mhpB, mhpC, mhpD, mhpE, mhpF, mhpR, mlc, modA, modB, modC, mokB, mpl, mtlA, mtlD, mtlR, murP, murQ, nadC, nagA, nagB, nagC, nagE, nanA, nanC, nanE, nanK, nanM, nanQ, nanS, nanT, narQ, nfuA, nirB, nirC, nirD, nlpE, nmpC, nrdA, nrdB, nupC, nupG, nusA, ompA, ompF, ompR, ompW, ortT, osmY, oxyR, paaA, paaB, paaC, paaD, paaE, paaF, paaG, paaH, paaI, paaJ, paaK, paaZ, patZ, pck, pdhR, pflB, pgk, plaR, pncB, pnp, ppdD, ppiA, preA, preT, priB, proP, prpB, prpC, prpD, prpE, prpR, psiE, psuG, psuK, ptsG, ptsH, ptsI, purH, putP, puuB, puuC, puuD, puuE, puuR, raiA, raiZ, rbfA, rbsA, rbsB, rbsC, rbsD, rbsK, rbsR, rbsZ, relA, rhaA, rhaB, rhaD, rhaR, rhaS, rhaT, rihA, rimP, rmf, rof, rplI, rplM, rpoE, rpoH, rpoS, rpsF, rpsI, rpsO, rpsR, rseA, rseB, rseC, rseD, rspA, rspB, sbmC, sdhA, sdhB, sdhC, sdhD, sdhX, secB, serA, serC, sfmA, sfsA, sgbE, sgbH, sgbU, sgcA, sgcB, sgcC, sgcE, sgcQ, sgcR, sgcX, sodA, sodB, sohB, speC, spf, spfP, srlA, srlB, srlD, srlE, srlR, sroD, sucA, sucB, sucC, sucD, tam, tdcA, tdcB, tdcC, tdcD, tdcE, tdcF, tdcG, tnaA, tnaB, tnaC, treB, treC, trg, truB, trxA, tsx, ubiG, udp, ugpA, ugpB, ugpC, ugpE, ugpQ, uhpT, uhpU, uidA, uidB, uidC, ulaA, ulaB, ulaC, ulaD, ulaE, ulaF, umpH, uxaA, uxaB, uxaC, uxuA, uxuB, uxuR, xseA, xylA, xylB, xylE, xylF, xylG, xylH, xylR, xylZ, yaeP, yaeQ, yahN, ybgD, ybiT, ycdZ, ychH, yehA, yehB, yehC, yehD, yeiW, yfaE, yfcV, ygcW, ygeA, ygeW, yhfA, yhgH, yiaK, yiaL, yiaM, yiaN, yiaO, yjcH, yjhG, yjhH, yjhI, ykgR, yqeF, yraH, ytfK, zraR, zraS
CRP-Sxy	1	1	0	Activador	sxy
CadC	3	3	0	Activador	cadA, cadB, cadC
CaiF	10	10	0	Activador	caiA, caiB, caiC, caiD, caiE, caiT, fixA, fixB, fixC, fixX
Cbl	9	9	0	Activador	ssuA, ssuB, ssuC, ssuD, ssuE, tauA, tauB, tauC, tauD
CdaR	10	10	0	Activador	cdaR, garD, garK, garL, garP, garR, gudD, gudP, gudX, rnpB
CecR	6	1	5	Dual	cecR, rhlE, ybhF, ybhG, ybhR, ybhS
ChbR	6	6	6	Dual	chbA, chbB, chbC, chbF, chbG, chbR
ChiX	6	0	6	Represor	chbC, chiP, chiQ, chiZ, dpiA, dpiB
CitR	3	0	3	Represor	citR, ybdM, ybdN
ComR	1	0	1	Represor	bhsA
CpxQ	3	0	3	Represor	cfa, cpxP, skp
CpxR	130	77	53	Dual	acrD, acs, ampH, appC, aroG, ascF, astC, atpB, atpI, bacA, baeR, baeS, bamE, btsT, carA, carB, casA, cbl, chaA, chaB, cheA, cheW, cpxA, cpxP, cpxQ, cpxR, csgA, csgB, csgC, csgD, csgE, csgF, csgG, cspA, cyaR, degP, dgcZ, dgt, dsbA, dsbC, dsbG, eamA, edd, efeU, epmB, ettA, exbB, fabZ, fadE, fadI, fdnG, feaR, fimB, focA, frc, frmB, ftnB, galP, gapC, glsA, gmhA, gpmM, gstA, hcp, hha, inaA, kbp, ldtC, ldtD, lpxA, lpxD, marA, marB, marR, matA, mdtA, mdtB, mdtC, mdtD, metC, motA, motB, motR, mscM, mtn, mzrA, nuoA, ompC, ompF, pdeB, pflB, plsB, ppiA, ppiD, psd, qmcA, rpoE, rpoH, rprA, rseA, rseB, rseC, rseD, sbmA, sdhC, shoB, skp, slt, spy, srkA, tomB, tsr, ung, xylE, yacH, yaiW, yccA, yddG, ydeE, yebE, yfaH, ygjR, yhdJ, yhdW, yibN, yidQ, yjfN, yncE, yqaE, yqjA
Cra	133	73	84	Dual	aceA, aceB, aceE, aceF, aceK, acnA, acnB, adhE, aroP, betA, betB, betI, betT, crp, crr, csgD, csgE, csgF, csgG, cydA, cydB, cyoA, cyoB, cyoC, cyoD, cyoE, cysG, eda, edd, eno, envC, epd, fbaA, fbaB, fbp, fruA, fruB, fruK, fumD, gapA, glcC, glk, gpmM, hisA, hisB, hisC, hisD, hisF, hisG, hisH, hisI, hypF, icd, lpd, manX, manY, manZ, marA, marB, marR, mdtA, metE, mpl, msrB, mtlA, mtlD, mtlR, nikA, nikB, nikC, nikD, nikE, nikR, nirB, nirC, nirD, nrdE, nrdF, nrdH, nrdI, nuoA, nuoB, nuoC, nuoE, nuoF, nuoG, nuoH, nuoI, nuoJ, nuoK, nuoL, nuoM, nuoN, pck, pdeL, pdhR, pfkA, pgk, php, poxB, ppc, ppsA, ppsR, prpB, prpC, prpD, prpE, ptsH, ptsI, pykF, raiA, setA, sgrS, sgrT, ssuA, ssuB, ssuC, ssuD, ssuE, tmaR, tpiA, treB, treC, ychE, yeaC, yeaD, yhfS, yhfT, yhfU, yhfW, yhfX, yibQ, zwf
CreB	16	12	4	Dual	ackA, cbrA, cbrB, cpdA, creD, malE, malF, malG, malH, nudF, parE, pta, recG, talA, yqiA, yqiB
CsgD	28	13	15	Dual	csgA, csgB, csgC, csgD, csgE, csgF, csgG, csgI, dgcC, flgM, flgN, fliA, fliE, fliF, fliG, fliH, fliI, fliJ, fliK, fliZ, iraP, nlpA, pepD, tcyJ, ubiT, wrbA, yccJ, yhbS
CspA	2	2	0	Activador	gyrA, hns
CsqR	5	0	5	Represor	csqR, yihS, yihT, yihU, yihV
CsrA	16	6	10	Dual	gadA, gadB, gadC, gadE, idlP, iraD, moaA, moaB, moaC, moaD, moaE, rpoE, ydeO, ymdA, ytiC, ytiD
CueR	9	2	7	Dual	copA, cueO, moaA, moaB, moaC, moaD, moaE, rmf, rsd
CusR	14	14	0	Activador	cusA, cusB, cusC, cusF, cusR, cusS, cyoA, cyoB, cyoC, cyoD, cyoE, hiuH, msrP, msrQ
CyaR	9	0	9	Represor	hdeD, luxS, nadE, ompX, rpoS, yacL, yliM, yobF, yqaE
CynR	4	3	1	Dual	cynR, cynS, cynT, cynX
CysB	33	26	7	Dual	ariR, cbl, cysA, cysB, cysC, cysD, cysH, cysI, cysJ, cysK, cysM, cysN, cysP, cysU, cysW, dgcZ, hslJ, ssuA, ssuB, ssuC, ssuD, ssuE, tauA, tauB, tauC, tauD, tcyJ, tcyP, ybdN, yciW, yfbR, ygeH, yoaC
CytR	14	0	14	Represor	aphA, cdd, cytR, deoA, deoB, deoC, deoD, nupC, nupG, ppiA, rpoH, tsx, udp, ycdZ
Dan	4	4	0	Activador	ttdA, ttdB, ttdR, ttdT
DcuR	13	13	0	Activador	aspA, aspX, dctA, dcuA, dcuB, dpiA, dpiB, frdA, frdB, frdC, frdD, fumB, pck
DeaD	1	1	0	Activador	ldtD
DecR	2	2	0	Activador	cyuA, cyuP
DeoR	6	0	6	Represor	deoA, deoB, deoC, deoD, nupG, tsx
DgoR	5	0	5	Represor	dgoA, dgoD, dgoK, dgoR, dgoT
DhaR	4	3	1	Dual	dhaK, dhaL, dhaM, dhaR
DicA	9	1	8	Dual	dicA, dicB, dicC, insD7, intQ, ydfD, ydfE, ydfW, ydfX
DicD	3	0	3	Represor	dicA, dicB, dicC
DicF	4	0	4	Represor	ftsZ, manX, pykA, xylR
DinJ-YafQ	3	0	3	Represor	cspE, dinJ, yafQ
DksA	162	45	121	Dual	alaT, alaU, alaV, argI, argX, csrA, csrB, csrC, dksA, dnaG, dsrA, dusB, fabD, fabG, fabH, fadR, fimB, fis, flu, folK, fusA, gltT, gltU, gltV, gltW, gluQ, hisA, hisB, hisC, hisD, hisF, hisG, hisH, hisI, hisL, hisR, hlyE, hmp, idlP, ihfA, ihfB, ileT, ileU, ileV, infC, iraD, iraP, isrC, leuT, livJ, mutM, obgE, pcnB, pheM, pheS, pheT, proM, recG, rimM, rplA, rplB, rplC, rplD, rplE, rplF, rplJ, rplK, rplL, rplM, rplN, rplO, rplP, rplQ, rplR, rplS, rplT, rplU, rplV, rplW, rplX, rplY, rpmA, rpmB, rpmC, rpmD, rpmG, rpmI, rpmJ, rpoA, rpoB, rpoC, rpoD, rpoE, rpoS, rpoZ, rpsA, rpsC, rpsD, rpsE, rpsG, rpsH, rpsI, rpsJ, rpsK, rpsL, rpsM, rpsN, rpsP, rpsQ, rpsS, rpsT, rpsU, rrfA, rrfB, rrfC, rrfD, rrfE, rrfF, rrfG, rrfH, rrlA, rrlB, rrlC, rrlD, rrlE, rrlG, rrlH, rrsA, rrsB, rrsC, rrsD, rrsE, rrsG, rrsH, rseA, rseB, rseC, rybB, secY, setA, sgrR, sgrS, sgrT, spoT, sroA, talA, thiB, thiP, thiQ, thrA, thrB, thrC, thrL, thrS, thrV, tktB, trmD, trmH, tufA, yhbE, ytiC, ytiD
DnaA	18	7	17	Dual	aldA, dnaA, dnaN, guaA, guaB, idlP, iraD, nrdA, nrdB, polA, recF, recN, rpoH, uvrB, yfaE, yjeV, ytiC, ytiD
DpiA	11	10	1	Dual	appY, citC, citD, citE, citF, citG, citX, dpiA, dpiB, exuT, mdh
DsdC	1	1	0	Activador	dsdA
DsrA	10	1	9	Dual	hns, lrp, rbsA, rbsB, rbsC, rbsD, rbsK, rbsR, rbsZ, rpoS
EbgR	2	0	2	Represor	ebgA, ebgC
EnvR	2	0	2	Represor	acrA, acrB
EnvY	2	2	0	Activador	ompC, ompF
EvgA	21	21	0	Activador	G7121, acrD, emrK, emrY, evgA, evgL, evgS, frc, gadE, gadF, mdtE, mdtF, oxc, safA, ydeO, ydeP, yegR, yegZ, yfdE, yfdV, yfdX
ExuR	10	0	10	Represor	exuR, exuT, lgoD, lgoR, uxaA, uxaB, uxaC, uxuA, uxuB, uxuR
FNR	327	221	123	Dual	aceE, aceF, ackA, acnA, acrE, acrF, adhE, aer, aldA, amtB, ansB, arcA, argK, aroP, aspA, aspC, aspX, b0725, bcsB, bcsZ, bidA, cadC, caiA, caiB, caiC, caiD, caiE, caiF, caiT, ccmA, ccmB, ccmC, ccmD, ccmE, ccmF, ccmG, ccmH, ccp, cheB, cheR, cheY, cheZ, citC, citD, citE, citF, citG, citX, cydA, cydB, cydC, cydD, cyoA, cyoB, cyoC, cyoD, cyoE, cysG, dcuA, dcuB, dcuC, dcuR, dcuS, dmsA, dmsB, dmsC, dmsD, dpiA, dpiB, dppA, dppB, dppC, dppD, dppF, emrK, emrY, entF, fdhF, fdnG, fdnH, fdnI, feoA, feoB, feoC, fepE, fes, fhlA, fixA, fixB, fixC, fixX, fnr, fnrS, focA, focB, frdA, frdB, frdC, frdD, fumA, fumB, fumC, gadA, gadW, gadX, gapC, garD, garK, garL, garP, garR, gcvH, gcvP, gcvT, gdhA, glnD, glnK, glpA, glpB, glpC, glpQ, glpT, gltB, gltD, gltF, gnd, gndA, grcA, hcp, hcr, hemA, hlyE, hmp, hyfA, hyfB, hyfC, hyfD, hyfE, hyfF, hyfG, hyfH, hyfI, hyfJ, hyfR, hypB, hypC, hypD, hypE, idlP, iraD, iraM, katG, lpd, malP, malQ, metV, mltA, moaA, moaB, moaC, moaD, moaE, moeA, moeB, msrB, nac, napA, napB, napC, napD, napF, napG, napH, narG, narH, narI, narJ, narK, narL, narS, narX, ndh, nfeR, nikA, nikB, nikC, nikD, nikE, nikR, nirB, nirC, nirD, norV, norW, nrdD, nrdG, nrfA, nrfB, nrfC, nrfD, nrfE, nrfF, nrfG, nuoA, nuoB, nuoC, nuoE, nuoF, nuoG, nuoH, nuoI, nuoJ, nuoK, nuoL, nuoM, nuoN, ompW, ompX, ortT, pdeF, pdhR, pepT, pflB, pheM, phoU, pitA, poxB, prfA, prmC, pstA, pstB, pstC, pstS, purM, purN, puuA, puuP, pykA, ravA, rimM, rnpB, rplB, rplC, rplD, rplM, rplP, rplS, rplT, rplV, rplW, rpmC, rpsC, rpsI, rpsJ, rpsP, rpsQ, rpsS, scpA, scpB, scpC, sdhA, sdhB, sdhC, sdhD, sdhX, sodA, soxR, soxS, ssuA, ssuB, ssuC, ssuD, ssuE, sucA, sucB, sucC, sucD, tap, tar, tdcA, tdcB, tdcC, tdcD, tdcE, tdcF, tdcG, thrA, tpx, trmD, ubiA, ubiC, ung, upp, uraA, uxaA, uxaC, viaA, xdhA, xdhB, xdhC, ybdN, ybdZ, ycaC, ychO, ydeJ, ydfO, ydfZ, ydhT, ydhU, ydhV, ydhW, ydhX, ydhY, yecR, yeiL, yfcZ, yffS, ygbA, yibN, ymjE, ynfE, ynfF, ynfG, ynfH, ysgA, ytfE, zwf
FabR	2	0	2	Represor	fabA, fabB
FadR	23	12	11	Dual	accA, accB, accC, accD, fabA, fabB, fabD, fabG, fabH, fabI, fadA, fadB, fadD, fadE, fadH, fadI, fadJ, fadL, fadM, fadR, iclR, sroD, uspA
FeaR	2	2	0	Activador	feaB, tynA
FhlA	30	30	0	Activador	fdhF, fhlA, focB, hycA, hycB, hycC, hycD, hycE, hycF, hycG, hycH, hycI, hydN, hyfA, hyfB, hyfC, hyfD, hyfE, hyfF, hyfG, hyfH, hyfI, hyfJ, hyfR, hypA, hypB, hypC, hypD, hypE, hypF
FimR2	5	1	4	Dual	fliG, fliI, fliJ, fliR, hofQ
FimZ	5	5	0	Activador	puuB, puuC, puuD, sfmA, sfmC
Fis	248	163	91	Dual	acnB, acs, actP, adhE, alaT, alaU, alaV, alaW, alaX, aldB, ansB, apaG, apaH, argU, argW, argX, aspV, bglB, bglF, bglG, carA, carB, cbpA, cbpM, crp, cspA, cspI, cyoA, cyoB, cyoC, cyoD, cyoE, cysG, deoA, deoB, deoC, deoD, dmsA, dmsB, dmsC, dnaA, dnaN, dps, dusB, fadA, fadB, fau, fimA, fimC, fimD, fimF, fimG, fimH, fimI, fimR2, fis, flxA, fumB, gadA, gadB, gadC, gadX, glcC, glnA, glnG, glnL, glnQ, glnU, glnV, glnW, glnX, glnZ, glpA, glpB, glpC, glpQ, glpT, gltT, gltU, gltV, gltW, gltX, glyT, glyU, grcA, guaA, guaB, gyrA, gyrB, hisR, hlyE, hns, hupA, hupB, hyaA, hyaB, hyaC, hyaD, hyaE, hyaF, ileT, ileU, ileV, infB, katE, leuP, leuQ, leuT, leuV, leuW, leuX, lpd, lysT, lysV, lysW, malE, malF, malG, malH, marA, marB, marR, mazE, mazF, mazG, metT, metU, metY, mglA, mglC, msrA, mtlA, mtlD, mtlR, nanA, nanE, nanK, nanQ, nanT, narG, narH, narI, narJ, narK, narS, ndh, nirB, nirC, nirD, nrdA, nrdB, nrfA, nrfB, nrfC, nrfD, nrfE, nrfF, nrfG, nuoA, nuoB, nuoC, nuoE, nuoF, nuoG, nuoH, nuoI, nuoJ, nuoK, nuoL, nuoM, nuoN, nusA, ogt, osmE, osmY, pdxA, pflB, pheU, pheV, pnp, proK, proL, proM, proP, ptsG, pyrD, queA, rbfA, recF, rimP, rnpB, rplM, rpsI, rpsO, rrfA, rrfB, rrfC, rrfD, rrfE, rrfF, rrfG, rrfH, rrlA, rrlB, rrlC, rrlD, rrlE, rrlG, rrlH, rrsA, rrsB, rrsC, rrsD, rrsE, rrsG, rrsH, rsmA, serT, serX, sra, ssrS, thrT, thrU, thrV, thrW, tolB, topA, tpr, trg, trmA, truB, tufB, tyrT, tyrU, tyrV, valT, valU, valX, valY, xylF, xylG, xylH, xylR, yeaR, yfaE, yjcH, yoaG, yodD
FlhDC	93	89	4	Dual	aceB, adhE, ccmA, ccmB, ccmC, ccmD, ccmE, ccmF, ccmG, ccmH, clsC, csgC, epd, flgA, flgB, flgC, flgD, flgE, flgF, flgG, flgH, flgI, flgJ, flgM, flgN, flhA, flhB, flhE, fliA, fliD, fliE, fliF, fliG, fliH, fliI, fliJ, fliK, fliL, fliM, fliN, fliO, fliP, fliQ, fliR, fliS, fliT, fliZ, fruB, glpA, glpB, glpC, gltI, gltJ, gltK, gltL, hydN, hypF, iclR, mdh, mglA, mglB, mglC, napA, napB, napC, napD, napF, napG, napH, nfrB, nrfA, nrfB, nrfC, nrfD, nrfE, nrfF, nrfG, pdeH, pfkA, ppdA, ppdB, ppdC, ptsH, recC, setB, sroC, tcyJ, ycgR, yecR, ygbK, ygdB, ymdA, ymdB
FliX	12	0	12	Represor	fliC, rplB, rplC, rplD, rplP, rplV, rplW, rpmC, rpsC, rpsJ, rpsQ, rpsS
FliZ	22	0	22	Represor	csgA, csgB, csgC, csgD, csgE, csgF, csgG, flhC, flhD, gadB, gadC, gadE, gadF, hdeA, hdeB, mdtE, mdtF, mlrA, osmY, pdeR, yhiD, yjbJ
FnrS	20	0	20	Represor	azuC, azuR, cydC, cydD, folE, folX, glpD, gpmA, iscR, maeA, marA, metE, sodA, sodB, yebY, yebZ, yeiB, yfcH, yieP, yobA
FrlR	5	0	5	Represor	frlA, frlB, frlC, frlD, frlR
FrmR	3	0	3	Represor	frmA, frmB, frmR
FucR	7	7	0	Activador	fucA, fucI, fucK, fucO, fucP, fucR, fucU
Fur	280	88	203	Dual	acnA, actP, adhP, adk, amtB, ansB, araB, araF, argF, argG, argR, aspC, b0725, bfd, bfr, bglJ, bssR, cadC, cirA, cusC, cyoA, cyoB, cyoC, cyoD, cyoE, dapB, dinB, dkgA, dmsA, dmsB, dmsC, dppB, dppC, dppD, dppF, eamA, efeB, efeO, efeU, entA, entB, entC, entD, entE, entF, entH, entS, erpA, esrE, exbB, exbD, fecA, fecB, fecC, fecD, fecE, fecI, fecR, feoA, feoB, feoC, fepA, fepB, fepC, fepD, fepE, fepG, fes, fhuA, fhuB, fhuC, fhuD, fhuE, fhuF, fiu, flgL, flhC, flhD, fnr, ftnA, ftnB, fumB, fumC, fur, garK, garL, garP, garR, gdhA, glnD, glnG, glnK, glnL, glpF, glpK, gltB, gltD, gltF, gnd, gndA, gpmA, gpr, grcA, grxB, gspC, gspD, gspE, gspF, gspG, gspH, gspI, gspJ, gspK, gspL, gspM, gspO, hcaR, hmp, hscA, hybO, katE, katG, leuD, lpd, lysP, maeB, manX, manY, manZ, map, mdh, mdtL, metH, metJ, mglB, mntH, mntP, mntS, moaA, mocA, mqo, nac, narQ, narU, ndh, nfeF, nfeR, nohA, nrdE, nrdF, nrdH, nrdI, nth, ompF, ompW, oppA, oppB, oppC, oppD, oppF, ortT, paaA, paaB, paaC, paaD, paaE, paaF, paaG, paaH, paaI, paaJ, paaK, pdeF, pepE, phoH, pqqU, pstB, punC, purL, purR, pyrC, qorA, rcnA, rcnB, recN, rimK, rimO, rmf, rmuC, rnpB, rpoS, rsd, rsxA, rsxB, rsxC, rsxD, rsxE, rsxG, ryhB, sdhA, sdhB, sdhC, sdhD, sdhX, sdiA, selO, serS, sodA, soxR, soxS, sseB, stfQ, sucA, sucB, sucC, sucD, sufA, sufB, sufC, sufD, sufE, sufS, sulA, tauA, tauB, tauC, tcyN, tfaQ, tisB, tonB, tqsA, tsx, udp, ugpA, ugpB, ugpE, uxaB, uxaC, uxuA, uxuB, waaL, xynR, ybaN, ybdZ, ybiU, ybiX, ycgR, yciI, ydcF, yddA, yddB, ydeN, ydiE, yejG, yfcV, ygaC, yghF, yghW, yhcC, yhhY, yhjE, yihN, yihX, yjbJ, yjcH, yjiR, yjiT, yjjZ, yncE, ynfD, yobD, yoeA, yojI, yqeB, yqeC, yqhD, yrbL, zapB, zinT, zwf
GadE	34	34	0	Activador	cyoA, cyoB, cyoC, cyoD, cyoE, fabZ, fliC, fliX, gadB, gadC, gadE, gadF, gadW, gadX, gltB, gltD, gltF, gnd, gndA, hdeA, hdeB, hdeD, lpxA, lpxD, lrp, mdtE, mdtF, purA, rcsA, skp, yhiD, yhiM, yjbQ, yjbR
GadRcs	9	9	0	Activador	adiC, aslB, cadA, cadB, dctR, gadA, gadX, slp, yhiM
GadW	15	11	11	Dual	dctR, gadA, gadB, gadC, gadE, gadF, gadW, gadX, gadY, hdeA, hdeB, mdtE, mdtF, slp, yhiD
GadX	34	27	11	Dual	amtB, asnB, btuB, cadA, cadB, dctR, dtpA, gadA, gadB, gadC, gadE, gadF, gadW, gadX, gadY, glnK, glsA, hdeA, hdeB, hdeD, hns, lon, mdtE, mdtF, murI, rpoS, slp, speG, uspE, ybaT, ydeM, ydeN, yhiD, ynfB
GadY	2	2	0	Activador	gadW, gadX
GalR	10	4	10	Dual	galE, galK, galM, galP, galR, galS, galT, mglA, mglB, mglC
GalS	10	4	10	Dual	galE, galK, galM, galP, galR, galS, galT, mglA, mglB, mglC
GatR	6	0	6	Represor	gatA, gatB, gatC, gatD, gatY, gatZ
GcvA	5	4	4	Dual	gcvA, gcvB, gcvH, gcvP, gcvT
GcvB	60	2	58	Dual	acs, aroC, aroP, asd, asnA, asnB, csgD, csgE, csgF, csgG, cstA, cycA, dppA, dppB, dppC, dppD, dppF, gdhA, gltP, hisQ, icd, ilvB, ilvD, ilvL, ilvM, inaA, ivbL, kgtP, lrp, map, mltC, nlpA, oppA, oppB, oppC, oppD, oppF, oxyR, panD, phoP, phoQ, purU, rbn, rbsA, rbsB, rbsC, rbsD, rbsK, rbsR, rbsZ, sstT, tcyJ, trpA, trpB, trpC, trpD, trpE, trpL, ydeE, ysgA
GlaR	120	44	76	Dual	alaE, apt, aroB, aroP, baeS, bdcA, bdcR, bssS, cadC, casA, chaA, chaB, chaC, csgI, cysN, cysS, dctR, dgcN, dinQ, elfC, fhuE, gabD, gabP, gabT, gadW, gadX, gcvA, gdhA, glaH, gltF, hinT, htrE, hxpA, idnD, idnK, inaA, kdgT, kdsA, ldcC, lhgD, lsrG, mglA, mrdA, murD, nlpA, orn, oxc, pdeG, pdhR, pdxA, phoH, pliG, ppiB, ppx, priC, prmC, rfbB, rhsD, rpiB, rpsF, rsgA, rssB, safA, sgcC, smg, tam, tar, tehA, ttdA, ttdR, yadN, ybaN, ycbU, ycbV, yccU, ycgJ, ycgV, ycgY, ychQ, yciU, ycjP, ydcK, ydeO, ydfI, ydfK, ydhS, yeaE, yehD, yehE, yehS, yfbN, yfbO, yfbU, yfcO, yfcV, yfdC, yfdV, yfiL, yfiR, yfjD, ygiV, ygiW, ygjI, yhcD, yidB, yigG, yihD, yihM, yjdP, yjfY, yjjP, yjjQ, ynaE, ynjH, yobD, yodB, ypdC, ypjA, yqhC, zraR
GlcC	7	6	1	Dual	glcA, glcB, glcC, glcD, glcE, glcF, glcG
GlmZ	2	2	0	Activador	glmS, glmU
GlnZ	2	0	2	Represor	glnP, sucA
GlpR	9	0	9	Represor	glpA, glpB, glpC, glpD, glpF, glpK, glpQ, glpT, glpX
GlrR	6	6	0	Activador	glmY, rpoE, rseA, rseB, rseC, rseD
GntR	12	0	12	Represor	eda, edd, gntK, gntT, gntU, idnD, idnK, idnO, idnR, idnT, nfuA, yhgH
GutM	7	7	0	Activador	gutM, gutQ, srlA, srlB, srlD, srlE, srlR
H-+NS	1	1	1	Dual	hlyE
H-NS	239	49	190	Dual	acrE, acrF, adeD, adiA, adiC, adiY, alaU, alaV, appY, ascF, ascG, asr, bglB, bglF, bglG, bglJ, bluF, bolA, cadA, cadB, cadC, caiA, caiB, caiC, caiD, caiE, caiF, caiT, cas1, cas2, casA, casB, casC, casD, casE, cbpA, cdgI, chiA, cmoM, csgD, csgE, csgF, csgG, csiE, cspA, cspD, cycA, cydA, cydB, cysA, cysG, cysM, cysP, cysU, cysW, dctR, ddlA, degP, dgcJ, dgcT, dgcZ, dosC, dps, elfA, entF, evgA, evgL, evgS, fau, fepE, fes, fimA, fimB, fimC, fimD, fimE, fimF, fimG, fimH, fimI, fimR2, flhC, flhD, fliA, fliC, fliX, fliZ, ftnA, fucA, gabD, gabP, gabT, gadA, gadB, gadC, gadE, gadF, gadW, gadX, galE, galK, galM, galT, garK, garL, garP, garR, glaH, gltT, gltU, gltW, glvC, gspA, gspB, gspC, gspD, gspE, gspF, gspG, gspH, gspI, gspJ, gspK, gspL, gspM, gspO, gutM, gutQ, hchA, hdeA, hdeB, hdeD, hdfR, hisJ, hisM, hisP, hisQ, hns, hprR, ileU, ileV, ilvH, ilvI, iraP, lacA, lacY, lacZ, leuO, lhgD, lrp, malE, malF, malG, malH, mazE, mazF, mdtE, mdtF, mdtI, mdtJ, mdtU, micF, mukB, mukE, mukF, nhaA, nhaR, nirB, nirC, nirD, nrdA, nrdB, nrdD, nrdG, osmC, oxc, pagP, pdeC, pdeF, pdeG, pdeI, pdeL, proV, proW, proX, rcsA, rcsB, rcsD, relA, rflP, rnpB, rrfB, rrfC, rrfD, rrfF, rrfG, rrfH, rrlB, rrlC, rrlD, rrlG, rrlH, rrsB, rrsC, rrsD, rrsG, rrsH, sfmA, slp, srlA, srlB, srlD, srlE, srlR, ssrS, stpA, tcyJ, thrV, ttdR, yadC, ybdZ, ybgD, yciE, yciF, yciG, ydcC, ydeO, ydeP, yehA, yehB, yehC, yehD, yfaE, yfcV, yhiD, yhiM, yjjP, yjjQ, yraH
HU	9	1	8	Dual	galE, galK, galM, galT, micF, mtr, pgm, seqA, tyrP
HcaR	7	5	2	Dual	hcaB, hcaC, hcaD, hcaE, hcaF, hcaR, iroK
HdfR	6	4	2	Dual	flhC, flhD, gltB, gltD, gltF, maoP
Hfq	6	1	5	Dual	cirA, hpf, manX, mutS, oppA, ptsN
HicB	2	0	2	Represor	hicA, hicB
HigA	2	0	2	Represor	higA, higB
HigBA	2	0	2	Represor	higA, higB
HipAB	5	0	5	Represor	hipA, hipB, mazE, mazF, relA
HipB	8	0	8	Represor	eutA, eutH, fadH, hipA, hipB, mazE, mazF, relA
HprR	14	9	5	Dual	cusA, cusB, cusC, cusF, cusR, cusS, cyoA, cyoB, cyoC, cyoD, cyoE, hiuH, msrP, msrQ
HyfR	12	12	0	Activador	focB, hyfA, hyfB, hyfC, hyfD, hyfE, hyfF, hyfG, hyfH, hyfI, hyfJ, hyfR
HypT	13	8	5	Dual	cydA, cydB, cysH, fecA, fecB, fecC, fecD, fecE, metB, metI, metL, metN, metQ
IHF	235	170	93	Dual	aceA, aceB, aceK, acs, actP, adiA, amiA, atoA, atoB, atoD, atoE, carA, carB, csgD, csgE, csgF, csgG, csrB, cycA, cysG, cysH, cysI, cysJ, dcuD, dmsA, dmsB, dmsC, dppA, dppB, dppC, dppD, dppF, dps, dusB, envZ, fhlA, fimA, fimB, fimC, fimD, fimF, fimG, fimH, fimI, fimR2, fis, flhC, flhD, fliA, fliZ, fnr, focA, folA, gcd, glcA, glcB, glcD, glcE, glcF, glcG, glmY, glnH, glnP, glnQ, glpQ, glpT, gltA, gltB, gltD, gltF, hemA, hemF, hipA, hipB, hpt, htrE, hycA, hycB, hycC, hycD, hycE, hycF, hycG, hycH, hycI, hypA, hypB, hypC, hypD, hypE, ibpB, icd, ihfA, ihfB, ilvA, ilvD, ilvE, ilvG, ilvL, ilvM, ilvX, lyxK, micF, mtr, narG, narH, narI, narJ, narK, narS, ndh, nirB, nirC, nirD, nmpC, norV, norW, nrfA, nrfB, nrfC, nrfD, nrfE, nrfF, nrfG, nuoA, nuoB, nuoC, nuoE, nuoF, nuoG, nuoH, nuoI, nuoJ, nuoK, nuoL, nuoM, nuoN, ompC, ompF, ompR, osmE, osmY, paaA, paaB, paaC, paaD, paaE, paaF, paaG, paaH, paaI, paaJ, paaK, paaZ, pflB, phoU, plaR, prfA, prmC, proV, proW, proX, pspA, pspB, pspC, pspD, pspE, pspG, pspH, pstA, pstB, pstC, pstS, rpoE, rpoH, rseA, rseB, rseC, rseD, rtcA, rtcB, sdhX, sgbE, sgbH, sgbU, sodA, sodB, sra, ssuA, ssuB, ssuC, ssuD, ssuE, sucA, sucB, sucC, sucD, sufA, sufB, sufC, sufD, sufE, sufS, tcyJ, tdcA, tdcB, tdcC, tdcD, tdcE, tdcF, tdcG, tyrP, ubiA, ubiC, ulaA, ulaB, ulaC, ulaD, ulaE, ulaF, ulaG, uspA, uspB, yadV, yeiL, yiaK, yiaL, yiaM, yiaN, yiaO, yjbE, yjbF, yjbG, yjbH, yjcH
IclR	4	0	4	Represor	aceA, aceB, aceK, iclR
IdnR	7	5	2	Dual	gntK, gntU, idnD, idnK, idnO, idnR, idnT
IlvY	2	1	1	Dual	ilvC, ilvY
IscR	33	11	22	Dual	erpA, hyaA, hyaB, hyaC, hyaD, hyaE, hyaF, iscA, iscR, iscS, iscU, napA, napB, napC, napD, napF, napG, napH, nfuA, nrdE, nrdF, nrdH, nrdI, rnlA, rnlB, selO, sufA, sufB, sufC, sufD, sufE, sufS, torT
IstR-1	1	0	1	Represor	tisB
KdgR	2	0	2	Represor	eda, edd
KdpE	9	6	3	Dual	adeP, kdpA, kdpB, kdpC, kdpF, rmf, rsd, uxaA, uxaC
LacI	3	0	3	Represor	lacA, lacY, lacZ
LeuO	24	18	7	Dual	bglB, bglF, bglG, bglJ, cadC, cas1, cas2, casA, casB, casC, casD, casE, dsrA, gltF, leuA, leuB, leuC, leuD, leuL, leuO, ybeQ, yghR, yghS, yjjQ
LexA	63	0	63	Represor	cho, ddlB, dinB, dinD, dinF, dinG, dinI, dinJ, dinQ, dnaG, ftsA, ftsI, ftsK, ftsL, ftsO, ftsQ, ftsW, ftsZ, hokE, insK, lexA, lpxC, mraY, murC, murD, murE, murF, murG, phr, polB, ptrA, recA, recB, recD, recN, recQ, recX, rpoD, rpsU, ruvA, ruvB, sbmC, ssb, sulA, symE, tisB, umuC, umuD, uvrA, uvrB, uvrC, uvrD, uvrY, yafN, yafO, yafP, yafQ, ybfE, ybiB, ydjM, yebG, yehF, yoaA
LldR	11	11	3	Dual	fadE, fadL, gadW, gadY, glcD, lldD, lldP, lldR, lpxP, yfdY, yhcO
LrhA	5	3	2	Dual	fimE, flhC, flhD, leuO, lrhA
Lrp	368	188	238	Dual	aceB, acrZ, adhE, aer, aidB, alaA, alaE, alaS, alaT, alaU, alaV, amiC, ansB, aphA, arcB, argA, argO, argR, argS, argT, aroA, aroG, artI, artP, asnA, asnB, aspA, aspC, aspS, astC, atpA, atpH, avtA, bipP, borD, brnQ, bssS, btuE, cadA, cadB, can, cbl, chbG, clpP, clpS, cpoB, creA, csiE, cycA, cydC, cysB, dadA, dadX, deaD, dedA, deoB, dgcJ, dgcM, dgcQ, dgcZ, dhaK, dppA, dtpA, dtpB, eco, emrD, eno, eptB, exbB, fadI, fadL, fau, fimA, fimC, fimD, fimE, fimF, fimG, fimH, fimI, fimR2, fliA, frdA, frdB, ftsQ, fumA, fxsA, gabD, gabP, gabT, gadB, gadW, gadY, gcvH, gcvP, gcvT, gdhA, glaH, glcA, glgC, glnA, glnH, glnK, glnL, glnQ, gltB, gltD, gltF, gltP, gltT, gltU, gltV, gltW, gpt, groL, groS, hdeA, hdeB, hlyE, hpf, hspQ, htrE, ibpA, ibpB, ileT, ileU, ileV, ilvA, ilvD, ilvE, ilvG, ilvH, ilvI, ilvL, ilvM, ilvX, insC5, insH3, intZ, iraD, iraP, katE, kbl, ldhA, leuA, leuE, leuL, leuO, lhgD, lipA, livF, livG, livH, livJ, livK, livM, lolA, lolC, lpxL, lrhA, lrp, lysP, lysU, malT, manA, menA, metH, metK, metT, micF, mnmA, modA, mqo, msbA, mscK, mscS, mtr, mutY, nac, napF, nuoA, nusB, ompC, ompT, oppA, oppB, oppC, oppD, oppF, osmC, osmY, pabB, pal, panZ, patA, pepD, pgl, phoA, phoH, pncB, pntA, polA, potF, ppk, ppsA, ppx, prlF, proP, pspG, ptsN, purM, purT, pyrI, qseB, radD, rdcA, relA, rhtB, ribE, ridA, rlmE, rnr, rpiA, rpiB, rplF, rplR, rpoN, rpsH, rrfA, rrfB, rrfC, rrfD, rrfE, rrfF, rrfG, rrfH, rrlA, rrlB, rrlC, rrlD, rrlE, rrlG, rrlH, rrsA, rrsB, rrsC, rrsD, rrsE, rrsG, rrsH, rsd, rseA, sad, sdaA, sdaC, serA, serB, serC, serS, slyA, slyX, soxS, sroH, ssrS, sstT, sthA, stpA, sulA, tdh, thiC, thrL, thrV, topA, treA, trhO, trxB, tsuA, tyrP, tyrR, ubiA, upp, uspE, wecB, yaaX, yabQ, yacL, yaeQ, yagU, yaiY, ybdF, ybdG, ybdL, ybeX, ybgA, ybgS, ybhQ, ybiI, ybiJ, ybiO, ybiT, ybjN, ybjS, ybjX, ycaM, yceB, ycfJ, ycgB, ychE, yciN, yciT, yciZ, ydcK, ydcL, ydeE, ydeN, ydgH, ydhQ, yeaE, yeaG, yebF, yehL, yeiL, yfaP, yfcC, yfcZ, yfiB, ygiV, ygiW, yhbY, yhcN, yhdN, yhdV, yhdW, yhhA, yhhW, yhiD, yhiM, yhjE, yhjR, yiaG, yibL, yibT, yicH, yiiM, yjbJ, yjbQ, yjbR, yjeH, yjeM, yjfP, yjiC, yjiL, ykgE, ynjH, yoaH, yodC, yoeG, yojI, yqeF, yqeG, ytfB, ytfJ, ytfK, ytjB, yzgL, zipA, zitB, zntR
LsrR	9	0	9	Represor	lsrA, lsrB, lsrC, lsrD, lsrF, lsrG, lsrK, lsrR, tam
LysR	2	1	1	Dual	lysA, lysR
MalH	1	0	1	Represor	ompC
MalI	3	0	3	Represor	malI, malX, malY
MalT	11	11	0	Activador	lamB, malE, malF, malG, malH, malK, malM, malP, malQ, malS, malZ
MarA	60	49	11	Dual	acnA, acrA, acrB, acrZ, aldA, ariR, dapD, dctR, decR, fpr, fumC, glnD, hdeA, hdeB, inaA, lacA, lacY, lacZ, lpxC, lpxL, map, marA, marB, marR, mdaB, micF, mlaB, mlaC, mlaD, mlaE, mlaF, nfo, nfsA, nfsB, pbpG, poxB, pqiA, pqiB, pqiC, purA, putA, rimK, rob, slp, sodA, tolC, waaY, waaZ, xseA, ybjC, ybjN, ycgZ, ygiB, ygiC, yhbW, yhiD, ymgA, ymgC, yncE, zwf
MarR	3	0	3	Represor	marA, marB, marR
MatA	9	2	7	Dual	ecpA, flhC, flhD, fliA, fliC, fliX, fliZ, matA, tcyJ
MazE	3	0	3	Represor	mazE, mazF, mazG
MazEF	3	0	3	Represor	mazE, mazF, mazG
McaS	6	2	4	Dual	csgD, csgE, csgF, csgG, flhC, flhD
McbR	6	5	1	Dual	mcbA, rmf, rsd, yciE, yciF, yciG
MelR	3	3	3	Dual	melA, melB, melR
MetJ	15	0	15	Represor	ahpC, ahpF, folE, metA, metB, metC, metE, metF, metI, metK, metL, metN, metQ, metR, yeiB
MetR	5	4	2	Dual	glyA, hmp, metE, metH, metR
MgrR	4	0	4	Represor	eptB, pitA, soxS, ygdQ
MhpR	6	6	0	Activador	mhpA, mhpB, mhpC, mhpD, mhpE, mhpF
MicA	18	0	18	Represor	cpoB, ecnB, fimB, gloA, lamB, ldtC, lpxT, ompA, ompW, ompX, pal, phoP, phoQ, tolB, tsx, yfeK, ygiM, yliM
MicC	1	0	1	Represor	ompC
MicF	7	1	6	Dual	cpxA, cpxR, lrp, ompF, oppA, phoE, tcyJ
MicL	1	0	1	Represor	lpp
Mlc	10	0	10	Represor	bidA, crr, malT, manX, manY, manZ, mlc, ptsG, ptsH, ptsI
MlrA	10	10	0	Activador	cadC, csgD, csgE, csgF, csgG, ibaG, obgE, rplU, rpmA, yhbE
MngR	3	0	3	Represor	mngA, mngB, mngR
MntR	5	1	4	Dual	dps, mntH, mntP, mntS, rybA
ModE	46	31	15	Dual	ccmA, ccmB, ccmC, ccmD, ccmE, ccmF, ccmG, ccmH, deoA, deoB, deoC, deoD, dmsA, dmsB, dmsC, hycA, hycB, hycC, hycD, hycE, hycF, hycG, hycH, hycI, moaA, moaB, moaC, moaD, moaE, modA, modB, modC, napA, napB, napC, napD, napF, napG, napH, narL, narX, oppA, oppB, oppC, oppD, oppF
MotR	12	12	0	Activador	fliC, rplB, rplC, rplD, rplP, rplV, rplW, rpmC, rpsC, rpsJ, rpsQ, rpsS
MprA	6	0	6	Represor	acrA, acrB, emrA, emrB, mprA, nmpC
MqsA	13	0	13	Represor	csgD, csgE, csgF, csgG, cspD, lfgA, lfgB, mqsA, mqsR, rpoS, yfjZ, ypjF, ypjJ
MraZ	18	0	18	Represor	ddlB, ftsA, ftsI, ftsL, ftsO, ftsQ, ftsW, ftsZ, lpxC, mioC, mraY, mraZ, murC, murD, murE, murF, murG, rsmH
MurR	3	1	3	Dual	murP, murQ, murR
Nac	557	190	395	Dual	abgA, abgR, abpA, aceB, ackA, acrE, ahpC, alaC, allR, allW, amiB, amn, ampD, ansB, ansP, araE, araF, argO, argU, aroD, aroE, aroF, asnA, asnC, asnT, asnV, bfd, bfr, bglB, bglH, bglX, bidA, bisC, blc, borD, bssS, caiF, cbrB, cbrC, ccmA, ccmB, ccmH, cdaR, cfa, cheA, cho, chpS, cmtA, cmtB, cobT, cobU, codA, codB, cpdB, csiE, cspC, curA, cycA, cydA, cynR, cynT, cysJ, cysQ, cysS, dadA, dapB, dcm, dcp, dcyD, ddlA, ddpC, deoR, dgcT, dhaK, dhaR, dinJ, dkgA, dld, dnaA, dpaA, dppA, dppB, dppC, dppD, dppF, dsbA, dsbG, eamA, ecnA, ecnB, elfA, elfG, emrK, eptA, eutS, evgA, exuT, fcl, fdhD, fdoG, feaB, feaR, fepE, fhuF, fklB, fliC, fliD, ftnB, fucA, fumD, gabD, gabP, gabT, gadE, gadX, gatA, gatB, gatC, gatD, gcvT, gdhA, glaH, glaR, glcA, glnD, glpK, gltA, gltB, gltD, gltF, gltP, glxK, gmd, gmk, gor, greB, groS, gspG, gspH, gspM, gspO, gudX, hcaE, hcaR, hchA, hemB, hemH, hemN, hfq, hofC, holE, hprR, htpG, htpX, htrE, hupA, hxpB, iaaA, ibpA, icd, ileY, ilvL, ilvN, infA, insK, intD, iraP, ispB, ispD, ivy, katG, kbaY, kbl, kdgR, kdsA, kduI, lapC, lepA, lepB, leuL, leuO, leuU, lhgD, ligB, livH, livK, livM, lpxH, lrp, lysA, lysP, lysR, lysU, macA, malI, malY, map, marR, mcbA, mcrB, mdtE, mdtF, mdtG, metE, metR, metY, mglA, mglB, mgtS, micC, mioC, mltD, mnmG, mntH, moaB, moaC, mobA, moeA, mreC, mscL, msrA, mtfA, nac, nadC, nadD, nanA, nanK, nanT, napB, napC, narK, narX, nfrB, nlpE, nrdG, nrfF, nrfG, nudC, nudG, nupC, nusA, nusB, ompA, ompF, ompN, ompR, ompT, oppA, oppC, ortT, osmB, osmY, pabC, patD, pdeC, pdeF, pdeL, pdxK, pfkB, pgaA, phoB, phoH, pinQ, pinR, pitB, pldA, pntA, pntB, polA, ppc, ppdC, pphB, ppiB, ppnN, prfC, prmB, pstC, pstS, ptrA, pyrB, pyrL, queD, queF, rcsA, rep, rfaH, rfbB, rfbC, rflP, rhtA, rimP, rlmF, rlmM, rluE, rnlB, rplU, rpmH, rpoZ, rsd, rsmF, rutB, sbcD, scpB, sdaA, sdhA, sdhB, sdhC, sdhD, sdiA, secG, selC, serA, shiA, shoB, sibA, sibE, spf, srlR, srsR, ssuE, stfR, sucA, tauA, tdcA, tdcR, tfaQ, tfaR, tff, thiL, thrS, tnaA, tnaB, tnaC, tolB, tomB, torA, torI, trxB, ubiA, ubiT, ubiU, ugd, uhpA, uspA, uspC, uspG, uvrY, uxaC, waaF, waaG, wcaE, wcaF, wecH, wrbA, wza, wzb, wzc, wzzE, xapR, xdhA, yadC, yadM, yaeF, yafC, yafD, yafE, yafN, yafO, yafQ, yafV, yagU, yaiS, yaiY, yaiZ, yajD, yajO, ybaL, ybbC, ybcK, ybcV, ybdK, ybdR, ybeQ, ybeR, ybeT, ybeU, ybfC, ybgC, ybgE, ybhD, ybhH, ybhI, ybhM, ybjP, ybjQ, ybjX, ycaC, ycaD, ycaK, ycaN, yccM, ycgB, ycgJ, ycgV, ycgX, ychA, yciZ, ydaT, ydaU, ydcI, ydcS, ydcT, ydcU, ydcV, ydcY, ydcZ, ydeE, ydeP, ydeQ, ydfK, ydfR, ydgH, ydiB, ydiL, ydiM, ydiO, ydiP, ydiY, yebQ, yebZ, yecD, yecE, yecF, yedL, yeeZ, yegH, yegL, yegR, yehE, yeiE, yeiH, yejB, yejG, yfaE, yfbK, yfbL, yfbV, yfcO, yfcP, yfdE, yfdV, yfeK, yfeS, yfgG, yfgH, yfhL, yfiL, yfiR, yfjI, ygaC, ygaM, ygaP, ygaV, ygaZ, ygcE, ygcO, ygcP, ygcS, ygdB, ygdR, ygeG, yggP, yghG, yghS, yghT, ygiF, ygiL, ygiM, ygiN, ygiZ, ygjH, ygjI, yhaB, yhaI, yhbX, yhcA, yhcC, yhcD, yhdV, yhfL, yhfZ, yhhQ, yhhZ, yhiJ, yhjD, yhjE, yiaD, yicJ, yidQ, yieE, yieH, yieP, yifB, yigI, yigL, yihD, yihL, yihO, yihQ, yiiE, yiiF, yijO, yjaH, yjbB, yjbQ, yjcB, yjcF, yjcO, yjeH, yjeJ, yjeM, yjfZ, yjgH, yjgM, yjgN, yjhI, ykgE, ykgH, ykgL, ymjA, ynaK, yneK, ynfA, ynfB, ynfD, ynfE, ynfF, ynfG, yniB, ynjF, ynjH, yobA, yobB, yobF, yoeB, yohO, yqeB, yqeH, yqeJ, yqeK, yraH, yrhB, ytfB, ytfJ, ytfK, ytfP, znuA
NadR	4	0	4	Represor	nadA, nadB, pncB, pnuC
NagC	35	3	34	Dual	chbA, chbB, chbC, chbF, chbG, chbR, chiP, chiQ, chiZ, creA, creB, creC, creD, crr, dinI, fimB, galP, glmS, glmU, manX, manY, manZ, nagA, nagB, nagC, nagE, nanC, nanM, nanS, ptsH, ptsI, umpH, ydeM, ydeN, ydeP
NanR	11	1	10	Dual	fimB, nanA, nanC, nanE, nanK, nanM, nanQ, nanS, nanT, nanX, nanY
NarL	126	45	88	Dual	adhE, aspA, aspX, caiF, ccmA, ccmB, ccmC, ccmD, ccmE, ccmF, ccmG, ccmH, citC, citD, citE, citF, citG, citX, cydC, cydD, cysG, dcuA, dcuB, dcuR, dcuS, dmsA, dmsB, dmsC, dmsD, dpiA, dpiB, fdhF, fdnG, fdnH, fdnI, focA, frdA, frdB, frdC, frdD, fumB, hcp, hcr, hyaA, hyaB, hyaC, hyaD, hyaE, hyaF, hybA, hybB, hybC, hybD, hybE, hybF, hybG, hybO, moeA, moeB, napA, napB, napC, napD, napF, napG, napH, narG, narH, narI, narJ, narK, narS, nikA, nikB, nikC, nikD, nikE, nikR, nirB, nirC, nirD, norV, norW, nrfA, nrfB, nrfC, nrfD, nrfE, nrfF, nrfG, nuoA, nuoB, nuoC, nuoE, nuoF, nuoG, nuoH, nuoI, nuoJ, nuoK, nuoL, nuoM, nuoN, ogt, ompW, pflB, poxB, torA, torC, torD, ubiA, ubiC, ydeP, ydhT, ydhU, ydhV, ydhW, ydhX, ydhY, yeaR, ynfE, ynfF, ynfG, ynfH, yoaG, ytfE
NarP	51	33	33	Dual	ccmA, ccmB, ccmC, ccmD, ccmE, ccmF, ccmG, ccmH, cysG, fdhF, fdnG, fdnH, fdnI, hcp, hcr, hyaA, hyaB, hyaC, hyaD, hyaE, hyaF, napA, napB, napC, napD, napF, napG, napH, nirB, nirC, nirD, norV, norW, nrfA, nrfB, nrfC, nrfD, nrfE, nrfF, nrfG, poxB, ydeP, ydhT, ydhU, ydhV, ydhW, ydhX, ydhY, yeaR, yoaG, ytfE
NemR	3	0	3	Represor	gloA, nemA, nemR
NfeR	2	0	2	Represor	nfeF, nfeR
NhaR	42	25	22	Dual	alaT, alaU, alaV, gltT, gltU, gltV, gltW, ileT, ileU, ileV, nhaA, nhaR, osmC, pgaA, pgaB, pgaC, pgaD, rmf, rrfA, rrfB, rrfC, rrfD, rrfE, rrfF, rrfG, rrfH, rrlA, rrlB, rrlC, rrlD, rrlE, rrlG, rrlH, rrsA, rrsB, rrsC, rrsD, rrsE, rrsG, rrsH, rsd, thrV
NikR	6	0	6	Represor	nikA, nikB, nikC, nikD, nikE, nikR
NimR	2	0	2	Represor	nimR, nimT
NorR	3	2	1	Dual	norR, norV, norW
NrdR	9	0	9	Represor	nrdA, nrdB, nrdD, nrdE, nrdF, nrdG, nrdH, nrdI, yfaE
NsrR	86	2	84	Dual	aceE, aceF, bamE, bdcA, cdd, dkgB, dsdC, feaB, feaR, fhlA, fliA, fliZ, grxD, hcp, hcr, hmp, hycA, hycB, hycC, hycD, hycE, hycF, hycG, hycH, hycI, hypA, hypB, hypC, hypD, hypE, ihfA, infC, lrp, mepH, mhpT, moeA, moeB, ndh, norR, nrfA, nrfB, nrfC, nrfD, nrfE, nrfF, nrfG, pgpC, pheM, pheS, pheT, poxB, rffC, rffG, rffH, rffM, rplT, rpmI, rybB, sodB, sufA, sufB, sufC, sufD, sufE, sufS, tadA, tcyJ, tehA, tehB, thrS, tsgA, waaH, wecA, wecB, wecC, wecE, wecF, wzxE, wzyE, wzzE, ydbD, yeaE, yeaR, ygbA, yoaG, ytfE
NtrC	52	51	8	Dual	amtB, argT, astA, astB, astC, astD, astE, cbl, ddpA, ddpB, ddpC, ddpD, ddpF, ddpX, glnA, glnG, glnH, glnK, glnL, glnP, glnQ, glnZ, hisJ, hisM, hisP, hisQ, nac, patA, potF, potG, potH, potI, relA, rpoE, rseA, rseB, rseC, rseD, rutA, rutB, rutC, rutD, rutE, rutF, rutG, yeaE, yeaG, yeaH, yhdW, yhdX, yhdY, yhdZ
OhsC	1	0	1	Represor	shoB
OmpR	57	30	28	Dual	acrR, alx, bolA, cadA, cadB, cadC, copA, csgD, csgE, csgF, csgG, csgI, dtpA, ecnB, exoX, fadE, fadL, feoA, feoB, feoC, flhC, flhD, galP, gmhA, htpX, lpp, malE, micF, narU, narV, narW, narY, narZ, nmpC, nuoN, ompC, ompF, ompX, omrA, omrB, pdhR, pgaA, pgaB, pgaC, pgaD, potE, queE, rhtA, rob, speF, speFL, sra, sstT, tolC, tsgA, yobB, znuA
OmrA	12	0	12	Represor	cirA, csgD, csgE, csgF, csgG, dgcM, fepA, flgM, flhC, flhD, ompR, ompT
OmrB	12	0	12	Represor	cirA, csgD, csgE, csgF, csgG, dgcM, fepA, flgM, flhC, flhD, ompR, ompT
OxyR	45	33	13	Dual	ahpC, ahpF, ccp, dps, dsbG, elaB, fhuF, flu, fur, gntP, gor, grxA, hcp, hcr, hemF, hemH, isrC, katG, metE, metR, mntH, nfsA, oxyR, oxyS, poxB, rimK, sufA, sufB, sufC, sufD, sufE, sufS, trxC, uof, uxuA, uxuB, xthA, ybjC, ybjN, ychF, yjjZ, zinT, znuA, znuB, znuC
OxyS	10	4	6	Dual	fhlA, flhC, flhD, iscA, iscR, iscS, iscU, mepS, nusG, rpoS
PaaX	14	0	14	Represor	paaA, paaB, paaC, paaD, paaE, paaF, paaG, paaH, paaI, paaJ, paaK, paaX, paaY, paaZ
PdeL	9	2	7	Dual	fliF, fliG, fliH, fliI, fliJ, fliK, pdeL, wecA, yghJ
PdhR	54	16	38	Dual	aceE, aceF, acpP, cyoA, cyoB, cyoC, cyoD, cyoE, ddlB, fadE, fadH, fadL, fadM, fecA, fecB, fecC, fecD, fecE, ftsA, ftsI, ftsL, ftsO, ftsQ, ftsW, ftsZ, fumD, glcA, glcB, glcD, glcE, glcF, glcG, gmhA, grcA, hemL, hha, lldP, lpd, lpxC, mraY, mraZ, murC, murD, murE, murF, murG, ndh, pdhR, ppsA, ppsR, rsmH, tomB, ybcV, ybcW
PepA	3	0	3	Represor	carA, carB, pepA
PgrR	9	0	9	Represor	mpaA, mppA, tyrR, ycjF, ycjG, ycjX, ycjY, ymjC, ymjD
PhoB	65	57	13	Dual	adiC, agp, amn, argP, asr, cra, cusA, cusB, cusC, cusF, cusR, cusS, eda, feaR, gadW, gadX, hiuH, mipA, msrP, msrQ, ompF, phnC, phnD, phnE1, phnF, phnG, phnH, phnI, phnJ, phnK, phnL, phnM, phnN, phnO, phnP, phoA, phoB, phoE, phoH, phoQ, phoR, phoU, pitB, prpR, psiE, psiF, pstA, pstB, pstC, pstS, rcdB, rspR, sbcC, sbcD, tktB, ugpA, ugpB, ugpC, ugpE, ugpQ, waaH, yegH, yibT, yoaI, ytfK
PhoP	60	49	14	Dual	acrA, acrB, argD, borD, clpS, cysB, dcuD, fadL, gadE, gadF, gadW, glgA, glgB, glgC, glgP, glgX, hdeA, hdeB, hdeD, hemL, iraM, malS, metB, metL, mgrB, mgrR, mgtA, mgtL, mgtS, nagA, ompT, pagP, phoP, phoQ, purD, purH, queE, rmf, rsd, rstA, rstB, rutA, rutB, rutC, rutD, rutE, rutF, rutG, ryjB, safA, slyB, tolC, treR, ybjG, ydeO, ydeP, ygiB, ygiC, yhiD, yrbL
PlaR	14	0	14	Represor	eda, glpA, glpT, lyxK, plaR, sgbE, sgbH, sgbU, ygjV, yiaK, yiaL, yiaM, yiaN, yiaO
Pnp	1	0	1	Represor	pnp
PrpR	5	4	1	Dual	prpB, prpC, prpD, prpE, prpR
PspF	8	7	1	Dual	pspA, pspB, pspC, pspD, pspE, pspF, pspG, pspH
PtrR	13	6	7	Dual	acrA, acrB, acrR, gabD, gadA, gadB, glsB, puuA, puuB, puuC, puuE, sad, yneG
PunR	1	1	0	Activador	punC
PurR	32	0	32	Represor	carA, carB, codA, codB, cvpA, gcvH, gcvP, gcvT, glnB, glyA, guaA, guaB, hflD, prs, purA, purB, purC, purD, purE, purF, purH, purK, purL, purM, purN, purR, purT, pyrC, pyrD, speA, speB, ubiX
PutA	2	0	2	Represor	putA, putP
PuuR	8	0	8	Represor	puuA, puuB, puuC, puuD, puuE, puuP, puuR, ymjE
PyrR	1	1	0	Activador	yhjX
QseB	14	13	2	Dual	dnaA, feaR, fimA, fimC, fimD, fimF, fimG, fimH, fimI, fimR2, flhC, flhD, qseB, qseC
RacR	6	0	6	Represor	rzpR, ydaS, ydaT, ydaU, ydaV, ydaW
RalA	1	0	1	Represor	ralR
RbsR	12	3	9	Dual	add, dcd, purD, purH, rbsA, rbsB, rbsC, rbsD, rbsK, rbsR, rbsZ, udk
RcdA	14	10	4	Dual	asr, bluF, csgD, csgE, csgF, csgG, rcdA, rmf, rsd, sulA, yagK, ybjI, ybjJ, ydeI
RclR	3	3	0	Activador	rclA, rclB, rclC
RcnR	3	0	3	Represor	rcnA, rcnB, rcnR
RcsAB	16	10	6	Dual	csgD, csgE, csgF, csgG, flhC, flhD, rcsA, wcaA, wcaB, wza, wzb, wzc, yjbE, yjbF, yjbG, yjbH
RcsB	26	24	2	Dual	bdm, ftsA, ftsZ, gadA, gadB, gadC, gadX, gadY, hdeA, hdeB, hdeD, lolA, osmB, osmC, rarA, rpoE, rprA, rseA, rseB, rseC, rseD, safA, sra, ydeO, ydeP, yhiD
RcsB-BglJ	16	16	0	Activador	bglB, bglF, bglG, leuO, sfsB, yecT, yehF, ygiZ, yidL, ykiA, ynbA, ynbB, ynbC, ynbD, ynjI, yqhG
RelB	3	0	3	Represor	hokD, relB, relE
RelBE	3	0	3	Represor	hokD, relB, relE
RhaR	2	2	0	Activador	rhaR, rhaS
RhaS	6	6	0	Activador	rhaA, rhaB, rhaD, rhaR, rhaS, rhaT
Rob	52	40	12	Dual	acnA, acrA, acrB, acrZ, acs, actP, aldA, aslB, astC, chaC, dapD, elaB, fadA, fadB, fadD, fadL, fumC, glgS, glnD, inaA, ldtB, lpxL, map, marA, marB, marR, mdaB, mdtD, micF, mltF, narG, nfo, nfsA, nfsB, rimK, rob, sodA, tolC, waaY, waaZ, yacH, ybiT, ybjC, ybjN, ydcL, ygiB, ygiC, yhbO, yhbW, yiaG, yjcH, zwf
RplA	6	0	6	Represor	rplA, rplJ, rplK, rplL, rpoB, rpoC
RplD	1	0	1	Represor	tnaA
RplM	2	0	2	Represor	rplM, rpsI
RplT	2	0	2	Represor	rplT, rpmI
RplY	1	0	1	Represor	rplY
RpmE	1	0	1	Represor	rpmE
RpoN	6	0	6	Represor	cspC, fadL, mutM, nth, yfcZ, yobF
RprA	9	1	8	Dual	csgD, csgE, csgF, csgG, dgcM, hdeD, lrhA, narP, rpoS
RpsA	5	4	1	Dual	fis, manY, pnp, rpsA, rpsO
RpsB	3	0	3	Represor	rpsB, tff, tsf
RpsD	4	0	4	Represor	rplQ, rpsD, rpsK, rpsM
RpsG	4	0	4	Represor	fusA, rpsG, rpsL, tufA
RpsH	12	0	12	Represor	rplE, rplF, rplN, rplO, rplR, rplX, rpmD, rpmJ, rpsE, rpsH, rpsN, secY
RpsO	1	0	1	Represor	rpsO
RseX	4	0	4	Represor	fimB, ihfB, ompA, ompC
RstA	10	5	5	Dual	asr, csgD, csgE, csgF, csgG, narG, narH, narI, narJ, ompF
RtcR	2	2	0	Activador	rtcA, rtcB
RutR	17	2	15	Dual	carA, carB, fepB, gadW, gadX, gloA, nemA, nemR, pdeR, rutA, rutB, rutC, rutD, rutE, rutF, rutG, rutR
RybB	15	1	14	Dual	csgD, csgE, csgF, csgG, fadL, fiu, maoP, nmpC, ompC, ompF, ompW, rbsB, rluD, sdhC, tsx
RydC	12	7	5	Dual	cfa, csgD, csgE, csgF, csgG, pheA, trpA, trpB, trpC, trpD, trpE, trpL
RyhB	45	2	43	Dual	acnB, b0725, bfr, cirA, cysE, erpA, fumA, fur, grxD, hemB, hemH, iscA, iscR, iscS, iscU, marA, msrB, nirB, nuoA, nuoB, nuoC, nuoE, nuoF, nuoG, nuoH, nuoI, nuoJ, nuoK, nuoL, nuoM, nuoN, sdhA, sdhB, sdhC, sdhD, sdhX, shiA, sodA, sodB, sucA, sucB, sucC, sucD, uof, yieP
S6:S18 ribosomal subunit complex	4	0	4	Represor	priB, rplI, rpsF, rpsR
SdhX	6	0	6	Represor	ackA, fdhE, fdoG, fdoH, fdoI, katG
SdiA	8	6	3	Dual	ftsA, ftsQ, ftsZ, gadW, gadY, rflP, rmf, rsd
SdsN	3	0	3	Represor	hmp, narP, nfsA
SdsR	5	0	5	Represor	mutS, tolC, yeaG, yeaH, yhcB
SelB-L-selenocysteinyl-tRNA<sup>sec</sup>	2	0	2	Represor	selA, selB
SgrR	9	4	5	Dual	alaC, setA, sgrR, sgrS, sgrT, sroA, thiB, thiP, thiQ
SgrS	10	1	9	Dual	adiY, asd, folE, manX, manY, manZ, ptsG, purR, yeiB, yigL
SibC	1	0	1	Represor	ibsC
SlyA	48	39	9	Dual	cas1, cas2, casA, casB, casC, casD, casE, elfA, fecI, fecR, gspC, gspD, gspE, gspF, gspG, gspH, gspI, gspJ, gspK, gspL, gspM, gspO, hlyE, leuO, mdtM, paaA, paaB, paaC, paaD, paaE, paaF, paaG, paaH, paaI, paaJ, paaK, pagP, rmf, rsd, sgcA, sgcB, sgcC, sgcE, sgcQ, sgcR, sgcX, slyA, yjiN
SoxR	8	7	1	Dual	aroF, fumC, sodA, soxR, soxS, tyrA, yjcB, yrbL
SoxS	54	50	4	Dual	acnA, acrA, acrB, acrZ, aldA, cadA, dapD, decR, fldA, fldB, fpr, fumC, fur, glnD, inaA, lpxC, lpxL, map, marA, marB, marR, mdaB, micF, nepI, nfo, nfsA, nfsB, ompN, ompW, pbpG, pgi, poxB, pqiA, pqiB, pqiC, ptsG, ribA, rimK, rob, sodA, soxS, tolC, uof, waaY, waaZ, ybjC, ybjN, ydbK, ygiB, ygiC, yhbW, yrbL, zinT, zwf
Spf	27	2	25	Dual	araF, ascF, atoD, caiA, dppB, ebgC, fucI, fucK, fucP, galK, gdhA, glpF, gltA, gss, lldP, maeA, nanC, nanT, paaK, puuE, sdhC, srlA, sthA, sucC, xylF, yjiA, ytfJ
SraG	1	0	1	Represor	pnp
SrlR	7	0	7	Represor	gutM, gutQ, srlA, srlB, srlD, srlE, srlR
SrsR	38	38	0	Activador	adhE, bluR, cdgI, dhaK, dhaL, dhaM, dinJ, fucA, fucI, fucK, fucO, fucP, fucR, fucU, hycB, narZ, paaA, paaB, paaC, paaD, paaE, paaF, paaG, paaH, paaI, paaJ, paaK, paaZ, pflB, yafL, yafQ, yfdK, yfdL, yfdM, yfdN, yfdO, yfdP, yfdQ
StfZ	1	0	1	Represor	ftsZ
StpA	21	11	10	Dual	bglB, bglF, bglG, cas1, cas2, casA, casB, casC, casD, casE, fau, leuO, malE, malF, malG, malH, proV, proW, proX, ssrS, stpA
SutR	8	2	7	Dual	cysE, fliA, fliZ, pfkB, sutR, tcyJ, ydcO, ypfN
SymR	1	0	1	Represor	symE
TdcA	7	7	0	Activador	tdcA, tdcB, tdcC, tdcD, tdcE, tdcF, tdcG
TdcR	7	7	0	Activador	tdcA, tdcB, tdcC, tdcD, tdcE, tdcF, tdcG
TorR	21	20	3	Dual	adiA, adiC, gadA, gadB, gadC, gadE, gadX, hdeA, hdeB, mdtE, mdtF, rpoS, slp, tnaA, tnaB, tnaC, torA, torC, torD, torR, yhiD
TreR	2	0	2	Represor	treB, treC
TrpR	12	0	12	Represor	aroH, aroL, aroM, mtr, trpA, trpB, trpC, trpD, trpE, trpL, trpR, yaiA
TyrR	12	3	10	Dual	aroF, aroG, aroL, aroM, aroP, folA, mtr, tyrA, tyrB, tyrP, tyrR, yaiA
UhpA	2	2	0	Activador	uhpT, uhpU
UhpU	2	1	1	Dual	fliC, lrhA
UidR	4	0	4	Represor	uidA, uidB, uidC, uidR
UlaR	7	0	7	Represor	ulaA, ulaB, ulaC, ulaD, ulaE, ulaF, ulaG
UvrY	6	6	0	Activador	csrB, csrC, luxS, uhpT, uhpU, ydeP
UxuR	11	0	11	Represor	exuR, fliC, gntP, lgoD, lgoR, uidA, uidB, uidC, uxuA, uxuB, uxuR
XapR	2	2	0	Activador	xapA, xapB
XylR	9	8	1	Dual	araC, xylA, xylB, xylE, xylF, xylG, xylH, xylR, xylZ
XynR	5	0	5	Represor	insX, yagA, yagB, yagE, yagF
YafC	1	1	0	Activador	cysJ
YciT	4	2	2	Dual	bsmA, cusF, rdcA, ybiY
YcjW	12	0	12	Represor	ompG, ycjM, ycjN, ycjO, ycjP, ycjQ, ycjR, ycjS, ycjT, ycjU, ycjV, ymjB
YdaT	1	1	0	Activador	rcsA
YdcI	5	5	0	Activador	flu, gadB, iraP, isrC, smrB
YdeO	24	21	3	Dual	adiA, appA, appB, appC, appX, dctR, gadB, gadE, gadF, gadW, hyaA, hyaB, hyaC, hyaD, hyaE, hyaF, mdtE, mdtF, nhaR, safA, slp, uspD, ydeO, yiiS
YdfH	2	0	2	Represor	rspA, rspB
YdiP	2	2	0	Activador	cspA, cspE
YebK	1	0	1	Represor	yebK
YefM	2	0	2	Represor	yefM, yoeB
YefMB	2	0	2	Represor	yefM, yoeB
YegW	3	0	3	Represor	yegT, yegU, yegV
YeiE	15	4	11	Dual	argO, cysJ, dcuC, ftp, gltF, infA, mdtF, pflB, putA, sodC, ssuA, uspF, ydcT, yibQ, yoaC
YeiL	1	1	0	Activador	yeiL
YfeC	6	1	5	Dual	hybE, rpmB, rpmH, rpsU, yfeC, ygdR
YgaV	4	4	0	Activador	cirA, fhuE, fhuF, nfeF
YgbI	2	0	2	Represor	ygbJ, ygbK
YgiV	1	0	1	Represor	mcbR
YhaJ	8	8	0	Activador	bssS, ybiJ, ygiD, yhaJ, yhaK, yhaL, yhhW, yqjF
YiaU	6	6	0	Activador	adeP, gltD, waaP, yiaT, yiaV, yiaW
YidZ	4	0	4	Represor	malE, ppiC, rbsD, rof
YieP	7	2	5	Dual	cusA, dauA, rydC, ybiX, yieP, ykgE, yohJ
YjjQ	10	0	10	Represor	dgcN, flhC, flhD, gfcA, ompC, ybhL, yciX, yfiB, yfiR, ymiA
YqhC	2	2	0	Activador	dkgA, yqhD
YrdG	1	0	1	Represor	mscL
ZntR	3	1	3	Dual	rmf, rsd, zntA
ZraR	28	25	3	Dual	acrE, cpxP, cspA, cspB, exuR, fhuA, fliA, gadW, glnA, glnH, mdtL, mgtA, pnp, raiA, rfaD, rmf, rpoH, sspA, ssrA, tnaA, tnaB, yhdW, yhhY, yjjY, yrdD, zraP, zraR, zraS
Zur	7	0	7	Represor	pliG, ykgM, ykgO, zinT, znuA, znuB, znuC
acetyl-CoA carboxyltransferase	2	0	2	Represor	accA, accD
carbon storage regulator CsrA	14	0	14	Represor	acnA, dgcT, dgcZ, evgA, glgA, glgC, glgP, glgS, nhaR, pgaA, pgaB, pgaC, pgaD, sdiA
ppGpp	308	196	114	Dual	acnA, adhP, agp, aidB, alaT, alaU, alaV, argH, argI, argS, argT, argX, ariR, aroM, blc, bolA, cadA, cbpA, cbpM, cfa, clsB, crp, csgD, csgE, csgF, csgG, csgI, cspA, cspD, csrA, csrB, csrC, curA, cysQ, dacC, dkgA, dksA, dnaA, dnaN, dps, dtpB, dusB, ecnB, efp, elaB, fadD, fadL, fbaB, fimB, fis, fkpA, flu, folK, frr, ftsA, ftsK, ftsQ, ftsZ, gabD, gabP, gabT, gadA, gadB, gadC, gadE, gadF, gadX, ggt, glaH, glgA, glgC, glgP, glgS, glnU, glnV, glnW, glnX, glsA, gltT, gltU, gltV, gltW, gluQ, glyT, grxB, hchA, hdeA, hdeB, hdeD, hisJ, hisM, hisP, hisQ, hisR, hmp, hns, idlP, ileT, ileU, ileV, ilvA, ilvB, ilvD, ilvE, ilvG, ilvH, ilvI, ilvL, ilvM, ilvN, ilvX, infA, iraD, iraP, isrC, ivbL, katE, kbp, ldtE, leuA, leuB, leuC, leuD, leuL, leuO, leuT, leuV, leuW, leuX, lhgD, livJ, lrp, lysS, mazE, mazF, mazG, mdtE, mdtF, metT, metU, metV, metW, metZ, mioC, mnmG, msyB, narU, osmB, osmC, osmF, osmY, otsA, otsB, patA, pcnB, phr, pnp, poxB, prfB, prfC, priB, proM, pth, pyrB, pyrI, pyrL, qorA, queA, recF, relA, rluC, rmf, rnpA, rplI, rpmE, rpmH, rpoE, rpoS, rpsB, rpsF, rpsO, rpsR, rrfA, rrfB, rrfC, rrfD, rrfE, rrfF, rrfG, rrfH, rrlA, rrlB, rrlC, rrlD, rrlE, rrlG, rrlH, rrsA, rrsB, rrsC, rrsD, rrsE, rrsG, rrsH, rseA, rseB, rseC, rsmG, rssB, serW, setA, sgrR, sgrS, sgrT, sodC, speC, sra, sroA, sroD, sufA, sufB, sufC, sufD, sufE, sufS, talA, tam, tff, tgt, thiB, thiP, thiQ, thrA, thrB, thrC, thrL, thrT, thrU, thrV, tktB, tpr, treA, treF, trxA, tsf, tufB, tyrT, tyrU, tyrV, uspA, uspB, uspC, uspD, uspE, wrbA, yahO, yaiA, yajC, yajO, ybaA, ybaT, ybdK, ybeL, ybgA, ybgS, ybhN, ybhP, ybjP, ycaP, yccJ, yccU, ycgB, ychF, ychH, ydcK, ydcL, yeaG, yeaH, yeaQ, yebF, yebV, yedP, yegP, yehE, yehW, yehX, yehY, yfcZ, yghA, yhbO, yhcO, yhhA, yhiD, yiaG, yiiS, yjbJ, yjfY, yjgH, ynfD, yniA, yoaC, yohC, yojI, yqaE, yqjF, ysgA, ytiC, ytiD
ribonuclease E	1	0	1	Represor	rne
small heat shock protein IbpA	2	0	2	Represor	ibpA, ibpB
threonine&mdash;tRNA ligase	1	0	1	Represor	thrS
